VENDOR_KEY,RETAILER_KEY,ITEM_KEY,STORE_KEY,PERIOD_KEY,MODULAR_KEY,REQUEST_DATE,STORE_SPECIFIC_RETAIL,POS_SALES,POS_QTY,POS_COST,MAX_SHELF_QTY,GROSS_SHIP_QTY,GROSS_SHIP_RETAIL,NET_SHIP_QTY,NET_SHIP_RETAIL,AVG_TRAITED_STORE_ITEM_COMB,AVG_VALID_STORE_ITEM_COMB,AVG_STR_DD_RATE_OF_SALE,AVG_IN_STOCK,AVG_REPL_IN_STOCK,HIST_ON_HAND_QTY,SI_MUMD_QTY,SI_TOTAL_MUMD,NUM_OF_BASKET_OCCURENCES,BASKET_SCAN_COUNT,BASKET_SALES,BASKET_GM,REPLENISHEDFLAG
308,1010,77214,355,20170114,2625,2017-02-16,11,15.98,1,,0,0,0,0,0,0,0,,0,0,1,0,0,1,0,-17,-17,1
308,1010,77214,369,20170114,2625,2017-02-16,11,15.98,1,,0,0,0,0,0,0,0,,0,0,2,0,0,1,20,121.57,121.57,1
308,1010,77214,577,20170114,2625,2017-02-16,11,0,0,,0,0,0,0,0,0,0,,0,0,2,0,0,0,0,0,0,1
308,1010,77214,605,20170114,2625,2017-02-16,11,0,0,,0,0,0,0,0,0,0,,0,0,7,0,0,0,0,0,0,1
308,1010,77214,674,20170114,2623,2017-02-16,9,0,0,,0,0,0,0,0,0,0,,0,0,1,0,0,0,0,0,0,1
308,1010,77214,698,20170114,2625,2017-02-16,11,0,0,,0,0,0,0,0,0,0,,0,0,2,0,0,0,0,0,0,1
308,1010,77214,709,20170114,2623,2017-02-16,11,0,0,,0,0,0,0,0,0,0,,0,0,1,0,0,0,0,0,0,1
308,1010,77214,794,20170114,2625,2017-02-16,11,0,0,,0,0,0,0,0,0,0,,0,0,2,0,0,0,0,0,0,1
308,1010,77214,808,20170114,2625,2017-02-16,,0,0,,0,0,0,0,0,0,0,,0,0,6,6,41.88,0,0,0,0,1
308,1010,77214,852,20170114,2625,2017-02-16,11,15.98,1,,0,0,0,0,0,0,0,,0,0,3,0,0,1,74,194.46,194.46,1
308,1010,77214,942,20170114,2623,2017-02-16,11,0,0,,0,0,0,0,0,0,0,,0,0,4,0,0,0,0,0,0,1
308,1010,77214,1059,20170114,2623,2017-02-16,1,0,0,,0,0,0,0,0,0,0,,0,0,2,0,0,0,0,0,0,1
308,1010,77214,1098,20170114,2623,2017-02-16,,0,0,,0,0,0,0,0,0,0,,0,0,0,0,0,0,0,0,0,1
308,1010,77214,1195,20170114,2623,2017-02-16,,0,0,,0,0,0,0,0,0,0,,0,0,0,0,0,0,0,0,0,1
308,1010,77214,1212,20170114,2623,2017-02-16,9,0,0,,0,0,0,0,0,0,0,,0,0,1,0,0,0,0,0,0,1
308,1010,77214,1222,20170114,1,2017-02-16,15.98,0,0,,0,0,0,0,0,0,0,,0,0,1,0,0,0,0,0,0,1
308,1010,77214,1244,20170114,2625,2017-02-16,6,0,0,,0,0,0,0,0,0,0,,0,0,4,0,0,0,0,0,0,1
308,1010,77214,1326,20170114,2625,2017-02-16,,31.96,2,,0,0,0,0,0,0,0,,0,0,1,0,0,2,53,260.18,260.18,1
308,1010,77214,1441,20170114,2625,2017-02-16,11,0,0,,0,0,0,0,0,0,0,,0,0,4,0,0,0,0,0,0,1
308,1010,77214,1443,20170114,2625,2017-02-16,11,0,0,,0,0,0,0,0,0,0,,0,0,3,0,0,0,0,0,0,1
308,1010,77214,1501,20170114,1,2017-02-16,8,0,0,,0,0,0,0,0,0,0,,0,0,0,0,0,0,0,0,0,1
308,1010,77214,1580,20170114,2625,2017-02-16,3,0,0,,0,0,0,0,0,0,0,,0,0,1,1,3,0,0,0,0,1
308,1010,77214,1740,20170114,2625,2017-02-16,11,31.96,2,,0,0,0,0,0,0,0,,0,0,3,0,0,2,12,114.37,114.37,1
308,1010,77214,1783,20170114,2625,2017-02-16,,15.98,1,,0,0,0,0,0,0,0,,0,0,0,0,0,1,28,202.36,202.36,1
308,1010,77214,1795,20170114,2623,2017-02-16,9,0,0,,0,0,0,0,0,0,0,,0,0,1,0,0,0,0,0,0,1
308,1010,77214,1802,20170114,2625,2017-02-16,,0,0,,0,0,0,0,0,0,0,,0,0,0,0,0,0,0,0,0,1
308,1010,77214,1961,20170114,2625,2017-02-16,11,0,0,,0,0,0,0,0,0,0,,0,0,5,0,0,0,0,0,0,1
308,1010,77214,2124,20170114,2625,2017-02-16,11,0,0,,0,0,0,0,0,0,0,,0,0,4,0,0,0,0,0,0,1
308,1010,77214,2263,20170114,2625,2017-02-16,11,0,0,,0,0,0,0,0,0,0,,0,0,7,0,0,0,0,0,0,1
308,1010,77214,2309,20170114,2625,2017-02-16,7,0,0,,0,0,0,0,0,0,0,,0,0,2,0,0,0,0,0,0,1
308,1010,77214,2475,20170114,2623,2017-02-16,,0,0,,0,0,0,0,0,0,0,,0,0,0,0,0,0,0,0,0,1
308,1010,77214,2584,20170114,2623,2017-02-16,5.5,0,0,,0,0,0,0,0,0,0,,0,0,1,0,0,0,0,0,0,1
308,1010,77214,3230,20170114,2625,2017-02-16,11,31.96,2,,0,0,0,0,0,0,0,,0,0,2,0,0,2,86,367.04,367.04,1
308,1010,77214,3255,20170114,2625,2017-02-16,,0,0,,0,0,0,0,0,0,0,,0,0,1,0,0,0,0,0,0,1
308,1010,77214,3463,20170114,2625,2017-02-16,8,0,0,,0,0,0,0,0,0,0,,0,0,3,0,0,0,0,0,0,1
308,1010,77214,3495,20170114,2625,2017-02-16,,0,0,,0,0,0,0,0,0,0,,0,0,1,0,0,0,0,0,0,1
308,1010,77214,3529,20170114,2625,2017-02-16,,15.98,1,,0,0,0,0,0,0,0,,0,0,0,0,0,1,3,21.73,21.73,1
308,1010,77214,3701,20170114,1,2017-02-16,,0,0,,0,0,0,0,0,0,0,,0,0,0,0,0,0,0,0,0,1
308,1010,77214,3747,20170114,2625,2017-02-16,11,0,0,,0,0,0,0,0,0,0,,0,0,5,0,0,0,0,0,0,1
308,1010,77214,3748,20170114,2625,2017-02-16,,0,0,,0,0,0,0,0,0,0,,0,0,0,0,0,0,0,0,0,1
308,1010,77214,3784,20170114,2625,2017-02-16,,0,0,,0,0,0,0,0,0,0,,0,0,3,0,0,0,0,0,0,1
308,1010,77214,3786,20170114,2625,2017-02-16,11,0,0,,0,0,0,0,0,0,0,,0,0,0,0,0,0,0,0,0,1
308,1010,77214,3812,20170114,2625,2017-02-16,11,15.98,1,,0,0,0,0,0,0,0,,0,0,2,0,0,1,17,89.5,89.5,1
308,1010,77214,3874,20170114,2625,2017-02-16,15.98,0,0,,0,0,0,0,0,0,0,,0,0,1,0,0,0,0,0,0,1
308,1010,77214,4065,20170114,2625,2017-02-16,8,0,0,,0,0,0,0,0,0,0,,0,0,6,0,0,0,0,0,0,1
308,1010,77214,4235,20170114,2625,2017-02-16,11,0,0,,0,0,0,0,0,0,0,,0,0,5,0,0,0,0,0,0,1
308,1010,6264,59,20170114,5156,2017-02-16,9.84,9.84,1,,6,4,39.36,4,39.36,1,1,,1,100,8,0,0,1,9,103.13,103.13,1
308,1010,6264,62,20170114,4795,2017-02-16,9.84,0,0,,6,0,0,0,0,1,1,,1,100,4,0,0,0,0,0,0,1
308,1010,6264,64,20170114,4692,2017-02-16,9.84,0,0,,6,0,0,0,0,1,1,,1,100,7,0,0,0,0,0,0,1
308,1010,6264,68,20170114,4857,2017-02-16,9.84,0,0,,6,0,0,0,0,1,1,,1,100,4,0,0,0,0,0,0,1
308,1010,6264,74,20170114,4786,2017-02-16,9.84,0,0,,6,0,0,0,0,1,1,,1,100,5,0,0,0,0,0,0,1
308,1010,6264,75,20170114,5310,2017-02-16,9.84,0,0,,6,0,0,0,0,1,1,,1,100,8,0,0,0,0,0,0,1
308,1010,6264,91,20170114,4689,2017-02-16,9.84,0,0,,6,0,0,0,0,1,1,,1,100,6,0,0,0,0,0,0,1
308,1010,6264,99,20170114,4989,2017-02-16,9.84,0,0,,6,0,0,0,0,1,1,,1,100,6,0,0,0,0,0,0,1
308,1010,6264,113,20170114,5473,2017-02-16,9.84,0,0,,6,0,0,0,0,1,1,,1,100,4,0,0,0,0,0,0,1
308,1010,6264,117,20170114,4857,2017-02-16,9.84,19.68,2,,6,0,0,0,0,1,1,,1,100,1,0,0,2,80,418.54,418.54,1
308,1010,6264,124,20170114,4694,2017-02-16,9.84,29.52,3,,6,0,0,0,0,1,1,,1,100,1,0,0,3,21,126.2,126.2,1
308,1010,6264,135,20170114,5286,2017-02-16,9.84,29.52,3,,6,4,39.36,4,39.36,1,1,,1,100,4,0,0,3,52,254.53,254.53,1
308,1010,6264,137,20170114,4991,2017-02-16,9.84,29.52,3,,6,0,0,0,0,1,1,,1,100,3,0,0,3,47,222.84,222.84,1
308,1010,6264,143,20170114,4992,2017-02-16,9.84,0,0,,6,0,0,0,0,1,1,,1,100,6,0,0,0,0,0,0,1
308,1010,6264,150,20170114,5286,2017-02-16,9.84,9.84,1,,6,0,0,0,0,1,1,,1,100,5,0,0,1,8,52.19,52.19,1
308,1010,6264,156,20170114,3454,2017-02-16,9.84,0,0,,0,0,0,0,0,0,0,,0,0,0,0,0,0,0,0,0,1
308,1010,6264,158,20170114,4992,2017-02-16,9.84,9.84,1,,6,0,0,0,0,1,1,,1,100,10,0,0,1,27,79.75,79.75,1
308,1010,6264,166,20170114,4744,2017-02-16,9.84,0,0,,6,4,39.36,4,39.36,1,1,,1,100,7,0,0,0,0,0,0,1
308,1010,6264,167,20170114,4908,2017-02-16,9.84,9.84,1,,6,0,0,0,0,1,1,,1,100,6,0,0,1,10,49.76,49.76,1
308,1010,6264,172,20170114,5288,2017-02-16,9.84,19.68,2,,6,0,0,0,0,1,1,,1,100,5,0,0,2,117,462.94,462.94,1
308,1010,6264,175,20170114,5012,2017-02-16,9.84,29.52,3,,6,0,0,0,0,1,1,,1,100,4,0,0,3,48,268.18,268.18,1
308,1010,6264,179,20170114,4998,2017-02-16,9.84,19.68,2,,6,4,39.36,4,39.36,1,1,,1,100,5,0,0,2,18,86.16,86.16,1
308,1010,6264,180,20170114,5276,2017-02-16,9.84,9.84,1,,6,0,0,0,0,1,1,,1,100,4,0,0,1,58,250.5,250.5,1
308,1010,6264,183,20170114,4688,2017-02-16,9.84,9.84,1,,6,0,0,0,0,1,1,,1,100,5,0,0,1,19,50.34,50.34,1
308,1010,6264,186,20170114,5312,2017-02-16,9.84,29.52,3,,6,0,0,0,0,1,1,,1,100,3,0,0,3,44,243.61,243.61,1
308,1010,6264,198,20170114,4992,2017-02-16,9.84,0,0,,6,0,0,0,0,1,1,,1,100,5,0,0,0,0,0,0,1
308,1010,6264,204,20170114,4994,2017-02-16,9.84,9.84,1,,6,0,0,0,0,1,1,,1,100,4,0,0,1,25,143.2,143.2,1
308,1010,6264,210,20170114,4720,2017-02-16,9.84,0,0,,6,0,0,0,0,1,1,,1,100,5,0,0,0,0,0,0,1
308,1010,6264,213,20170114,4992,2017-02-16,9.84,0,0,,6,4,39.36,4,39.36,1,1,,1,100,7,0,0,0,0,0,0,1
308,1010,6264,219,20170114,4992,2017-02-16,9.84,29.52,3,,6,4,39.36,4,39.36,1,1,,1,100,3,0,0,3,110,421.83,421.83,1
308,1010,6264,222,20170114,4865,2017-02-16,9.84,9.84,1,,6,4,39.36,4,39.36,1,1,,1,100,7,0,0,1,45,176.14,176.14,1
308,1010,6264,227,20170114,4908,2017-02-16,9.84,9.84,1,,6,0,0,0,0,1,1,,1,100,6,0,0,1,51,267.11,267.11,1
308,1010,6264,232,20170114,4744,2017-02-16,9.84,19.68,2,,6,0,0,0,0,1,1,,1,100,5,0,0,2,18,119.82,119.82,1
308,1010,6264,239,20170114,4746,2017-02-16,9.84,0,0,,6,0,0,0,0,1,1,,1,100,5,0,0,0,0,0,0,1
308,1010,6264,243,20170114,5012,2017-02-16,9.84,19.68,2,,6,0,0,0,0,1,1,,1,100,8,0,0,2,18,140.16,140.16,1
308,1010,6264,244,20170114,5007,2017-02-16,9.84,0,0,,6,0,0,0,0,1,1,,1,100,7,0,0,0,0,0,0,1
308,1010,6264,249,20170114,5138,2017-02-16,9.84,9.84,1,,6,4,39.36,4,39.36,1,1,,0,0,0,0,0,1,16,85.77,85.77,1
308,1010,6264,268,20170114,5478,2017-02-16,9.84,9.84,1,,6,0,0,0,0,1,1,,1,100,6,0,0,1,41,135.49,135.49,1
308,1010,6264,275,20170114,5290,2017-02-16,9.84,19.68,2,,6,4,39.36,4,39.36,1,1,,1,100,5,0,0,2,20,242.97,242.97,1
308,1010,6264,287,20170114,4992,2017-02-16,9.84,0,0,,6,0,0,0,0,1,1,,1,100,2,0,0,0,0,0,0,1
308,1010,6264,288,20170114,4998,2017-02-16,9.84,0,0,,6,0,0,0,0,1,1,,1,100,6,0,0,0,0,0,0,1
308,1010,6264,292,20170114,4871,2017-02-16,9.84,0,0,,6,0,0,0,0,1,1,,1,100,5,0,0,0,0,0,0,1
308,1010,6264,306,20170114,5495,2017-02-16,9.84,9.84,1,,6,4,39.36,4,39.36,1,1,,1,100,5,0,0,1,13,63.34,63.34,1
308,1010,6264,308,20170114,4873,2017-02-16,9.84,0,0,,6,4,39.36,4,39.36,1,1,,1,100,8,0,0,0,0,0,0,1
308,1010,6264,333,20170114,4992,2017-02-16,9.84,0,0,,6,4,39.36,4,39.36,1,1,,1,100,6,0,0,0,0,0,0,1
308,1010,6264,342,20170114,4998,2017-02-16,9.84,0,0,,6,0,0,0,0,1,1,,1,100,6,0,0,0,0,0,0,1
308,1010,6264,348,20170114,4871,2017-02-16,9.84,9.84,1,,6,0,0,0,0,1,1,,1,100,2,0,0,1,5,34.73,34.73,1
308,1010,6264,355,20170114,5656,2017-02-16,9.84,0,0,,6,4,39.36,4,39.36,1,1,,1,100,7,0,0,0,0,0,0,1
308,1010,6264,370,20170114,4908,2017-02-16,9.84,0,0,,6,0,0,0,0,1,1,,1,100,4,0,0,0,0,0,0,1
308,1010,6264,373,20170114,4743,2017-02-16,9.84,9.84,1,,6,0,0,0,0,1,1,,1,100,5,0,0,1,47,305.5,305.5,1
308,1010,6264,379,20170114,4992,2017-02-16,9.84,0,0,,6,0,0,0,0,1,1,,1,100,4,0,0,0,0,0,0,1
308,1010,6264,381,20170114,4923,2017-02-16,9.84,19.68,2,,6,4,39.36,4,39.36,1,1,,1,100,3,0,0,2,56,246.42,246.42,1
308,1010,6264,383,20170114,5007,2017-02-16,9.84,9.84,1,,6,0,0,0,0,1,1,,1,100,6,0,0,1,44,203.81,203.81,1
308,1010,6264,390,20170114,4842,2017-02-16,9.84,19.68,2,,6,0,0,0,0,1,1,,1,100,4,0,0,2,38,318.74,318.74,1
308,1010,6264,395,20170114,5497,2017-02-16,9.84,19.68,2,,6,4,39.36,4,39.36,1,1,,1,100,5,0,0,2,18,137.73,137.73,1
308,1010,6264,397,20170114,5138,2017-02-16,9.84,39.36,4,,6,4,39.36,4,39.36,1,1,,1,100,2,0,0,4,101,448.71,448.71,1
308,1010,6264,406,20170114,5020,2017-02-16,9.84,0,0,,6,0,0,0,0,1,1,,1,100,5,0,0,0,0,0,0,1
308,1010,6264,410,20170114,5692,2017-02-16,9.84,9.84,1,,6,0,0,0,0,1,1,,1,100,4,0,0,1,3,29.68,29.68,1
308,1010,6264,411,20170114,4720,2017-02-16,9.84,9.84,1,,6,0,0,0,0,1,1,,1,100,5,0,0,1,9,48.45,48.45,1
308,1010,6264,420,20170114,5285,2017-02-16,9.84,9.84,1,,6,4,39.36,4,39.36,1,1,,1,100,8,0,0,1,3,29.65,29.65,1
308,1010,6264,425,20170114,4788,2017-02-16,9.84,0,0,,6,0,0,0,0,1,1,,1,100,7,0,0,0,0,0,0,1
308,1010,6264,426,20170114,5007,2017-02-16,9.84,9.84,1,,6,4,39.36,4,39.36,1,1,,1,100,7,0,0,1,37,157.34,157.34,1
308,1010,6264,438,20170114,4786,2017-02-16,9.84,0,0,,6,4,39.36,4,39.36,1,1,,1,100,7,0,0,0,0,0,0,1
308,1010,6264,442,20170114,5511,2017-02-16,9.84,19.68,2,,6,0,0,0,0,1,1,,1,100,3,0,0,2,65,286.36,286.36,1
308,1010,6264,450,20170114,4871,2017-02-16,9.84,0,0,,6,0,0,0,0,1,1,,1,100,7,0,0,0,0,0,0,1
308,1010,6264,457,20170114,4857,2017-02-16,9.84,9.84,1,,6,0,0,0,0,1,1,,1,100,7,0,0,1,17,50.25,50.25,1
308,1010,6264,461,20170114,5594,2017-02-16,9.84,0,0,,6,4,39.36,4,39.36,1,1,,1,100,4,0,0,0,0,0,0,1
308,1010,6264,462,20170114,5270,2017-02-16,9.84,9.84,1,,6,4,39.36,4,39.36,1,1,,1,100,1,0,0,1,8,52.14,52.14,1
308,1010,6264,465,20170114,5461,2017-02-16,9.84,19.68,2,,6,0,0,0,0,1,1,,1,100,3,0,0,2,48,185.74,185.74,1
308,1010,6264,467,20170114,5497,2017-02-16,9.84,9.84,1,,6,8,78.72,8,78.72,1,1,,1,100,13,0,0,1,49,211.19,211.19,1
308,1010,6264,469,20170114,4853,2017-02-16,9.84,19.68,2,,6,0,0,0,0,1,1,,1,100,8,0,0,2,35,252.7,252.7,1
308,1010,6264,476,20170114,4918,2017-02-16,9.84,19.68,2,,6,4,39.36,4,39.36,1,1,,1,100,7,0,0,2,30,275.79,275.79,1
308,1010,6264,484,20170114,5492,2017-02-16,9.84,19.68,2,,6,8,78.72,8,78.72,1,1,,1,100,9,0,0,2,24,155.59,155.59,1
308,1010,6264,486,20170114,5318,2017-02-16,9.84,0,0,,6,4,39.36,4,39.36,1,1,,1,100,5,0,0,0,0,0,0,1
308,1010,6264,502,20170114,4982,2017-02-16,9.84,19.68,2,,6,0,0,0,0,1,1,,1,100,4,0,0,2,8,77.81,77.81,1
308,1010,6264,512,20170114,5164,2017-02-16,9.84,39.36,4,,6,4,39.36,4,39.36,1,1,,1,100,6,0,0,4,82,441.3,441.3,1
308,1010,6264,516,20170114,4873,2017-02-16,9.84,0,0,,6,4,39.36,4,39.36,1,1,,0,0,0,0,0,0,0,0,0,1
308,1010,6264,523,20170114,4787,2017-02-16,9.84,39.36,4,,6,4,39.36,4,39.36,1,1,,1,100,6,0,0,4,109,443.28,443.28,1
308,1010,6264,526,20170114,5004,2017-02-16,9.84,0,0,,6,0,0,0,0,1,1,,1,100,5,0,0,0,0,0,0,1
308,1010,6264,531,20170114,5487,2017-02-16,9.84,19.68,2,,6,4,39.36,4,39.36,1,1,,1,100,7,0,0,2,62,241.61,241.61,1
308,1010,6264,540,20170114,4856,2017-02-16,9.84,9.84,1,,6,0,0,0,0,1,1,,1,100,5,0,0,1,26,109.14,109.14,1
308,1010,6264,541,20170114,5007,2017-02-16,9.84,29.52,3,,6,4,39.36,4,39.36,1,1,,1,100,11,0,0,3,80,508.72,508.72,1
308,1010,6264,548,20170114,5144,2017-02-16,9.84,39.36,4,,6,4,39.36,4,39.36,1,1,,1,100,3,0,0,4,25,136.98,136.98,1
308,1010,6264,550,20170114,4865,2017-02-16,9.84,0,0,,6,0,0,0,0,1,1,,1,100,4,0,0,0,0,0,0,1
308,1010,6264,551,20170114,4992,2017-02-16,9.84,9.84,1,,6,0,0,0,0,1,1,,1,100,6,0,0,1,8,64.34,64.34,1
308,1010,6264,552,20170114,4798,2017-02-16,9.84,9.84,1,,6,0,0,0,0,1,1,,1,100,7,0,0,1,18,111.71,111.71,1
308,1010,6264,555,20170114,4992,2017-02-16,9.84,0,0,,6,0,0,0,0,1,1,,1,100,2,0,0,0,0,0,0,1
308,1010,6264,568,20170114,4910,2017-02-16,9.84,0,0,,6,0,0,0,0,1,1,,1,100,6,0,0,0,0,0,0,1
308,1010,6264,577,20170114,5487,2017-02-16,9.84,9.84,1,,6,4,39.36,4,39.36,1,1,,1,100,6,0,0,1,9,50.2,50.2,1
308,1010,6264,580,20170114,4843,2017-02-16,9.84,9.84,1,,6,4,39.36,4,39.36,1,1,,1,100,7,0,0,1,44,179.46,179.46,1
308,1010,6264,587,20170114,4873,2017-02-16,9.84,19.68,2,,6,0,0,0,0,1,1,,1,100,3,0,0,2,21,234.66,234.66,1
308,1010,6264,595,20170114,5167,2017-02-16,9.84,19.68,2,,6,0,0,0,0,1,1,,1,100,3,0,0,2,21,144.19,144.19,1
308,1010,6264,600,20170114,4879,2017-02-16,9.84,19.68,2,,6,0,0,0,0,1,1,,1,100,4,0,0,2,89,377.4,377.4,1
308,1010,6264,602,20170114,5483,2017-02-16,9.84,0,0,,6,0,0,0,0,1,1,,1,100,1,0,0,0,0,0,0,1
308,1010,6264,606,20170114,4794,2017-02-16,9.84,0,0,,6,0,0,0,0,1,1,,1,100,4,0,0,0,0,0,0,1
308,1010,6264,608,20170114,5596,2017-02-16,9.84,39.36,4,,6,4,39.36,4,39.36,1,1,,1,100,10,0,0,4,134,562.52,562.52,1
308,1010,6264,622,20170114,4853,2017-02-16,9.84,68.88,7,,6,8,78.72,8,78.72,1,1,,1,100,12,0,0,7,129,771.45,771.45,1
308,1010,6264,626,20170114,4692,2017-02-16,9.84,0,0,,6,0,0,0,0,1,1,,1,100,8,0,0,0,0,0,0,1
308,1010,6264,629,20170114,4869,2017-02-16,9.84,9.84,1,,6,0,0,0,0,1,1,,1,100,3,0,0,1,34,224.47,224.47,1
308,1010,6264,630,20170114,4920,2017-02-16,9.84,39.36,4,,6,0,0,0,0,1,1,,1,100,5,0,0,4,85,316.74,316.74,1
308,1010,6264,632,20170114,4844,2017-02-16,9.84,29.52,3,,6,4,39.36,4,39.36,1,1,,1,100,2,0,0,3,122,479.53,479.53,1
308,1010,6264,637,20170114,4739,2017-02-16,9.84,0,0,,6,0,0,0,0,1,1,,1,100,8,0,0,0,0,0,0,1
308,1010,6264,640,20170114,5486,2017-02-16,9.84,19.68,2,,6,0,0,0,0,1,1,,1,100,8,0,0,2,33,187.46,187.46,1
308,1010,6264,641,20170114,5144,2017-02-16,9.84,0,0,,6,0,0,0,0,1,1,,1,100,8,0,0,0,0,0,0,1
308,1010,6264,642,20170114,4743,2017-02-16,9.84,29.52,3,,6,4,39.36,4,39.36,1,1,,1,100,4,0,0,3,87,318.92,318.92,1
308,1010,6264,643,20170114,4844,2017-02-16,9.84,9.84,1,,6,0,0,0,0,1,1,,1,100,5,0,0,1,20,64.49,64.49,1
308,1010,6264,661,20170114,5290,2017-02-16,9.84,0,0,,6,0,0,0,0,1,1,,1,100,2,0,0,0,0,0,0,1
308,1010,6264,669,20170114,5279,2017-02-16,9.84,0,0,,6,0,0,0,0,1,1,,1,100,5,0,0,0,0,0,0,1
308,1010,6264,671,20170114,4998,2017-02-16,9.84,19.68,2,,6,4,39.36,4,39.36,1,1,,1,100,4,0,0,2,3,24.82,24.82,1
308,1010,6264,672,20170114,5295,2017-02-16,9.84,0,0,,6,4,39.36,4,39.36,1,1,,1,100,10,0,0,0,0,0,0,1
308,1010,6264,688,20170114,4983,2017-02-16,9.84,59.04,6,,6,8,78.72,8,78.72,1,1,,1,100,6,0,0,6,98,422.08,422.08,1
308,1010,6264,690,20170114,5500,2017-02-16,9.84,9.84,1,,6,4,39.36,4,39.36,1,1,,1,100,8,0,0,1,75,337.1,337.1,1
308,1010,6264,691,20170114,5288,2017-02-16,9.84,9.84,1,,6,0,0,0,0,1,1,,1,100,3,0,0,1,11,65.3,65.3,1
308,1010,6264,693,20170114,4743,2017-02-16,9.84,0,0,,6,0,0,0,0,1,1,,1,100,5,0,0,0,0,0,0,1
308,1010,6264,694,20170114,5283,2017-02-16,9.84,9.84,1,,6,0,0,0,0,1,1,,1,100,4,0,0,1,7,43.41,43.41,1
308,1010,6264,697,20170114,4984,2017-02-16,9.84,19.68,2,,6,0,0,0,0,1,1,,1,100,6,0,0,2,52,254.68,254.68,1
308,1010,6264,705,20170114,5007,2017-02-16,9.84,19.68,2,,6,0,0,0,0,1,1,,1,100,4,0,0,2,39,156.33,156.33,1
308,1010,6264,707,20170114,4648,2017-02-16,9.84,9.84,1,,6,0,0,0,0,1,1,,1,100,5,0,0,1,34,143.52,143.52,1
308,1010,6264,711,20170114,5481,2017-02-16,9.84,9.84,1,,6,0,0,0,0,1,1,,1,100,4,0,0,1,48,217.4,217.4,1
308,1010,6264,718,20170114,4842,2017-02-16,9.84,0,0,,6,12,118.08,12,118.08,1,1,,1,100,12,0,0,0,0,0,0,1
308,1010,6264,721,20170114,4922,2017-02-16,9.84,19.68,2,,6,4,39.36,4,39.36,1,1,,1,100,5,0,0,2,126,410.07,410.07,1
308,1010,6264,723,20170114,4878,2017-02-16,9.84,9.84,1,,6,0,0,0,0,1,1,,1,100,4,0,0,1,41,140.56,140.56,1
308,1010,6264,726,20170114,4992,2017-02-16,9.84,9.84,1,,6,0,0,0,0,1,1,,1,100,4,0,0,1,14,61.85,61.85,1
308,1010,6264,728,20170114,5011,2017-02-16,9.84,29.52,3,,6,0,0,0,0,1,1,,1,100,1,0,0,3,98,494.29,494.29,1
308,1010,6264,729,20170114,4998,2017-02-16,9.84,9.84,1,,6,4,39.36,4,39.36,1,1,,1,100,5,0,0,1,44,202.31,202.31,1
308,1010,6264,742,20170114,4998,2017-02-16,9.84,9.84,1,,6,4,39.36,4,39.36,1,1,,1,100,9,0,0,1,4,14.64,14.64,1
308,1010,6264,744,20170114,5012,2017-02-16,9.84,39.36,4,,6,4,39.36,4,39.36,1,1,,1,100,8,0,0,4,42,380.16,380.16,1
308,1010,6264,750,20170114,4998,2017-02-16,9.84,9.84,1,,6,0,0,0,0,1,1,,1,100,5,0,0,1,33,114.4,114.4,1
308,1010,6264,756,20170114,4992,2017-02-16,9.84,0,0,,6,0,0,0,0,1,1,,1,100,3,0,0,0,0,0,0,1
308,1010,6264,769,20170114,4918,2017-02-16,9.84,0,0,,6,4,39.36,4,39.36,1,1,,1,100,6,0,0,0,0,0,0,1
308,1010,6264,780,20170114,4930,2017-02-16,9.84,9.84,1,,6,4,39.36,4,39.36,1,1,,1,100,7,0,0,1,57,187.48,187.48,1
308,1010,6264,787,20170114,4750,2017-02-16,9.84,9.84,1,,6,0,0,0,0,1,1,,1,100,5,0,0,1,19,146.03,146.03,1
308,1010,6264,793,20170114,5286,2017-02-16,9.84,19.68,2,,6,0,0,0,0,1,1,,1,100,2,0,0,2,17,113.61,113.61,1
308,1010,6264,796,20170114,5275,2017-02-16,9.84,0,0,,6,0,0,0,0,1,1,,1,100,4,0,0,0,0,0,0,1
308,1010,6264,798,20170114,5285,2017-02-16,9.84,9.84,1,,6,0,0,0,0,1,1,,1,100,4,0,0,1,3,20.42,20.42,1
308,1010,6264,799,20170114,5136,2017-02-16,9.84,19.68,2,,6,0,0,0,0,1,1,,1,100,5,0,0,2,56,206.78,206.78,1
308,1010,6264,801,20170114,4908,2017-02-16,9.84,9.84,1,,6,0,0,0,0,1,1,,1,100,7,0,0,1,60,192.2,192.2,1
308,1010,6264,805,20170114,5475,2017-02-16,9.84,-9.84,-1,,6,0,0,0,0,1,1,,1,100,6,0,0,1,-2,-19.84,-19.84,1
308,1010,6264,811,20170114,4792,2017-02-16,9.84,29.52,3,,6,4,39.36,4,39.36,1,1,,1,100,4,0,0,3,77,378.42,378.42,1
308,1010,6264,815,20170114,4873,2017-02-16,9.84,29.52,3,,6,0,0,0,0,1,1,,1,100,5,0,0,3,30,121.31,121.31,1
308,1010,6264,819,20170114,4918,2017-02-16,9.84,19.68,2,,6,8,78.72,8,78.72,1,1,,1,100,10,0,0,2,64,267.41,267.41,1
308,1010,6264,823,20170114,4992,2017-02-16,9.84,0,0,,6,0,0,0,0,1,1,,1,100,6,0,0,0,0,0,0,1
308,1010,6264,824,20170114,5472,2017-02-16,9.84,29.52,3,,6,0,0,0,0,1,1,,1,100,8,0,0,3,34,127.3,127.3,1
308,1010,6264,829,20170114,5463,2017-02-16,9.84,0,0,,6,0,0,0,0,1,1,,1,100,5,0,0,0,0,0,0,1
308,1010,6264,833,20170114,4793,2017-02-16,9.84,9.84,1,,6,4,39.36,4,39.36,1,1,,1,100,7,0,0,1,3,22.46,22.46,1
308,1010,6264,835,20170114,4914,2017-02-16,9.84,9.84,1,,6,0,0,0,0,1,1,,1,100,6,0,0,1,12,36.78,36.78,1
308,1010,6264,838,20170114,4992,2017-02-16,9.84,19.68,2,,6,0,0,0,0,1,1,,1,100,4,0,0,2,38,299,299,1
308,1010,6264,842,20170114,4996,2017-02-16,9.84,9.84,1,,6,0,0,0,0,1,1,,1,100,7,0,0,1,84,328.08,328.08,1
308,1010,6264,843,20170114,4869,2017-02-16,9.84,9.84,1,,6,0,0,0,0,1,1,,1,100,5,0,0,1,5,18.66,18.66,1
308,1010,6264,844,20170114,5485,2017-02-16,9.84,29.52,3,,6,0,0,0,0,1,1,,1,100,4,0,0,3,89,484.68,484.68,1
308,1010,6264,846,20170114,5285,2017-02-16,9.84,9.84,1,,6,0,0,0,0,1,1,,1,100,2,0,0,1,14,78.68,78.68,1
308,1010,6264,849,20170114,5278,2017-02-16,9.84,19.68,2,,6,0,0,0,0,1,1,,1,100,1,0,0,2,44,185.53,185.53,1
308,1010,6264,857,20170114,4983,2017-02-16,9.84,0,0,,6,0,0,0,0,1,1,,1,100,5,0,0,0,0,0,0,1
308,1010,6264,859,20170114,4873,2017-02-16,9.84,0,0,,6,4,39.36,4,39.36,1,1,,1,100,8,0,0,0,0,0,0,1
308,1010,6264,862,20170114,4854,2017-02-16,9.84,29.52,3,,6,4,39.36,4,39.36,1,1,,1,100,8,0,0,5,124,649.66,649.66,1
308,1010,6264,871,20170114,4649,2017-02-16,9.84,0,0,,6,0,0,0,0,1,1,,1,100,4,0,0,0,0,0,0,1
308,1010,6264,884,20170114,4992,2017-02-16,9.84,0,0,,6,0,0,0,0,1,1,,1,100,6,0,0,0,0,0,0,1
308,1010,6264,889,20170114,4871,2017-02-16,9.84,0,0,,6,0,0,0,0,1,1,,1,100,5,0,0,0,0,0,0,1
308,1010,6264,892,20170114,5285,2017-02-16,9.84,49.2,5,,6,4,39.36,4,39.36,1,1,,1,100,6,0,0,5,145,1002.07,1002.07,1
308,1010,6264,893,20170114,4720,2017-02-16,9.84,0,0,,6,4,39.36,4,39.36,1,1,,1,100,7,0,0,0,0,0,0,1
308,1010,6264,894,20170114,5009,2017-02-16,9.84,19.68,2,,6,0,0,0,0,1,1,,1,100,5,0,0,2,43,196.98,196.98,1
308,1010,6264,896,20170114,5326,2017-02-16,9.84,19.68,2,,6,4,39.36,4,39.36,1,1,,1,100,8,0,0,2,23,131.93,131.93,1
308,1010,6264,899,20170114,5034,2017-02-16,9.84,29.52,3,,6,4,39.36,4,39.36,1,1,,1,100,7,0,0,3,122,550.7,550.7,1
308,1010,6264,911,20170114,5498,2017-02-16,9.84,19.68,2,,6,4,39.36,4,39.36,1,1,,1,100,6,0,0,2,11,53.37,53.37,1
308,1010,6264,913,20170114,5328,2017-02-16,9.84,9.84,1,,6,0,0,0,0,1,1,,1,100,4,0,0,1,27,114.6,114.6,1
308,1010,6264,922,20170114,5288,2017-02-16,9.84,9.84,1,,6,4,39.36,4,39.36,1,1,,1,100,5,0,0,1,17,85.83,85.83,1
308,1010,6264,937,20170114,5005,2017-02-16,9.84,0,0,,6,0,0,0,0,1,1,,1,100,5,0,0,0,0,0,0,1
308,1010,6264,941,20170114,5495,2017-02-16,9.84,19.68,2,,6,4,39.36,4,39.36,1,1,,1,100,5,0,0,2,41,211.57,211.57,1
308,1010,6264,943,20170114,5007,2017-02-16,9.84,49.2,5,,6,4,39.36,4,39.36,1,1,,1,100,1,0,0,5,176,856.85,856.85,1
308,1010,6264,962,20170114,5481,2017-02-16,9.84,9.84,1,,6,0,0,0,0,1,1,,1,100,4,0,0,1,49,190.87,190.87,1
308,1010,6264,971,20170114,4992,2017-02-16,9.84,0,0,,6,4,39.36,4,39.36,1,1,,1,100,7,0,0,0,0,0,0,1
308,1010,6264,978,20170114,5285,2017-02-16,9.84,0,0,,6,0,0,0,0,1,1,,1,100,7,0,0,0,0,0,0,1
308,1010,6264,979,20170114,5285,2017-02-16,9.84,0,0,,6,0,0,0,0,1,1,,1,100,4,0,0,0,0,0,0,1
308,1010,6264,982,20170114,5285,2017-02-16,9.84,0,0,,6,0,0,0,0,1,1,,1,100,5,0,0,0,0,0,0,1
308,1010,6264,984,20170114,5295,2017-02-16,9.84,9.84,1,,6,4,39.36,4,39.36,1,1,,1,100,8,0,0,1,21,124.06,124.06,1
308,1010,6264,986,20170114,4748,2017-02-16,9.84,19.68,2,,6,4,39.36,4,39.36,1,1,,1,100,8,0,0,2,18,85.96,85.96,1
308,1010,6264,989,20170114,4860,2017-02-16,9.84,19.68,2,,6,0,0,0,0,1,1,,1,100,7,0,0,2,13,69.38,69.38,1
308,1010,6264,998,20170114,3392,2017-02-16,9.84,0,0,,6,0,0,0,0,1,1,,1,100,4,0,0,0,0,0,0,1
308,1010,6264,1001,20170114,5501,2017-02-16,9.84,0,0,,6,0,0,0,0,1,1,,1,100,8,0,0,0,0,0,0,1
308,1010,6264,1003,20170114,5268,2017-02-16,9.84,9.84,1,,6,0,0,0,0,1,1,,1,100,5,0,0,1,83,334.23,334.23,1
308,1010,6264,1005,20170114,4992,2017-02-16,9.84,9.84,1,,6,0,0,0,0,1,1,,1,100,4,0,0,1,80,300.51,300.51,1
308,1010,6264,1007,20170114,4992,2017-02-16,9.84,0,0,,6,0,0,0,0,1,1,,1,100,4,0,0,0,0,0,0,1
308,1010,6264,1021,20170114,4791,2017-02-16,9.84,9.84,1,,6,4,39.36,4,39.36,1,1,,1,100,8,0,0,1,10,40.07,40.07,1
308,1010,6264,1024,20170114,4864,2017-02-16,9.84,0,0,,6,0,0,0,0,1,1,,1,100,4,0,0,0,0,0,0,1
308,1010,6264,1029,20170114,4868,2017-02-16,9.84,9.84,1,,6,0,0,0,0,1,1,,1,100,7,0,0,1,35,178.18,178.18,1
308,1010,6264,1037,20170114,4887,2017-02-16,9.84,0,0,,6,4,39.36,4,39.36,1,1,,1,100,6,0,0,0,0,0,0,1
308,1010,6264,1044,20170114,4991,2017-02-16,9.84,29.52,3,,6,0,0,0,0,1,1,,1,100,6,0,0,5,169,816.5,816.5,1
308,1010,6264,1057,20170114,4744,2017-02-16,9.84,9.84,1,,6,0,0,0,0,1,1,,1,100,6,0,0,1,0,0,0,1
308,1010,6264,1067,20170114,4676,2017-02-16,9.84,0,0,,6,4,39.36,4,39.36,1,1,,1,100,7,0,0,0,0,0,0,1
308,1010,6264,1077,20170114,4874,2017-02-16,9.84,0,0,,6,0,0,0,0,1,1,,1,100,5,0,0,0,0,0,0,1
308,1010,6264,1080,20170114,5007,2017-02-16,9.84,9.84,1,,6,4,39.36,4,39.36,1,1,,1,100,10,0,0,1,32,124.64,124.64,1
308,1010,6264,1081,20170114,5302,2017-02-16,9.84,9.84,1,,6,8,78.72,8,78.72,1,1,,1,100,7,0,0,1,5,23.72,23.72,1
308,1010,6264,1083,20170114,4865,2017-02-16,9.84,19.68,2,,6,0,0,0,0,1,1,,1,100,6,0,0,2,45,198.32,198.32,1
308,1010,6264,1084,20170114,4860,2017-02-16,9.84,9.84,1,,6,0,0,0,0,1,1,,1,100,3,0,0,1,14,98.92,98.92,1
308,1010,6264,1087,20170114,4924,2017-02-16,9.84,39.36,4,,6,4,39.36,4,39.36,1,1,,1,100,9,0,0,4,94,467.11,467.11,1
308,1010,6264,1097,20170114,5293,2017-02-16,9.84,19.68,2,,6,4,39.36,4,39.36,1,1,,1,100,5,0,0,2,66,257.73,257.73,1
308,1010,6264,1099,20170114,5469,2017-02-16,9.84,9.84,1,,6,0,0,0,0,1,1,,1,100,7,0,0,1,6,49.07,49.07,1
308,1010,6264,1108,20170114,4922,2017-02-16,9.84,9.84,1,,6,0,0,0,0,1,1,,1,100,5,0,0,1,26,149.84,149.84,1
308,1010,6264,1109,20170114,4854,2017-02-16,9.84,9.84,1,,6,0,0,0,0,1,1,,1,100,3,0,0,1,32,146.04,146.04,1
308,1010,6264,1115,20170114,4864,2017-02-16,9.84,0,0,,6,0,0,0,0,1,1,,1,100,6,0,0,0,0,0,0,1
308,1010,6264,1122,20170114,4993,2017-02-16,9.84,0,0,,6,0,0,0,0,1,1,,1,100,4,0,0,0,0,0,0,1
308,1010,6264,1124,20170114,4720,2017-02-16,9.84,0,0,,6,0,0,0,0,1,1,,1,100,4,0,0,0,0,0,0,1
308,1010,6264,1130,20170114,4992,2017-02-16,9.84,0,0,,6,0,0,0,0,1,1,,1,100,7,0,0,0,0,0,0,1
308,1010,6264,1133,20170114,4989,2017-02-16,9.84,9.84,1,,6,4,39.36,4,39.36,1,1,,1,100,4,0,0,1,38,183.16,183.16,1
308,1010,6264,1141,20170114,5515,2017-02-16,9.84,0,0,,6,4,39.36,4,39.36,1,1,,1,100,7,0,0,0,0,0,0,1
308,1010,6264,1144,20170114,5283,2017-02-16,9.84,0,0,,6,4,39.36,4,39.36,1,1,,1,100,6,0,0,0,0,0,0,1
308,1010,6264,1152,20170114,4992,2017-02-16,9.84,0,0,,6,0,0,0,0,1,1,,1,100,10,0,0,0,0,0,0,1
308,1010,6264,1153,20170114,4720,2017-02-16,9.84,0,0,,6,4,39.36,4,39.36,1,1,,1,100,4,0,0,0,0,0,0,1
308,1010,6264,1164,20170114,4803,2017-02-16,9.84,29.52,3,,6,0,0,0,0,1,1,,1,100,4,0,0,3,87,395.33,395.33,1
308,1010,6264,1165,20170114,4992,2017-02-16,9.84,0,0,,6,0,0,0,0,1,1,,1,100,4,0,0,0,0,0,0,1
308,1010,6264,1168,20170114,4933,2017-02-16,9.84,0,0,,6,4,39.36,4,39.36,1,1,,1,100,7,0,0,0,0,0,0,1
308,1010,6264,1171,20170114,5293,2017-02-16,9.84,29.52,3,,6,4,39.36,4,39.36,1,1,,1,100,3,0,0,3,50,239.3,239.3,1
308,1010,6264,1172,20170114,5291,2017-02-16,9.84,0,0,,6,4,39.36,4,39.36,1,1,,1,100,6,0,0,0,0,0,0,1
308,1010,6264,1176,20170114,5486,2017-02-16,7,7,1,,0,0,0,0,0,1,1,,0,0,0,0,0,1,4,43.24,43.24,1
308,1010,6264,1179,20170114,5007,2017-02-16,9.84,0,0,,6,0,0,0,0,1,1,,1,100,6,0,0,0,0,0,0,1
308,1010,6264,1181,20170114,4737,2017-02-16,9.84,0,0,,6,0,0,0,0,1,1,,1,100,5,0,0,0,0,0,0,1
308,1010,6264,1184,20170114,4748,2017-02-16,9.84,19.68,2,,6,8,78.72,8,78.72,1,1,,1,100,6,0,0,2,70,259.02,259.02,1
308,1010,6264,1190,20170114,4992,2017-02-16,9.84,9.84,1,,6,0,0,0,0,1,1,,1,100,3,0,0,1,62,268.27,268.27,1
308,1010,6264,1193,20170114,5007,2017-02-16,9.84,9.84,1,,6,0,0,0,0,1,1,,1,100,5,0,0,1,54,222.98,222.98,1
308,1010,6264,1197,20170114,4682,2017-02-16,9.84,0,0,,6,0,0,0,0,1,1,,1,100,4,0,0,0,0,0,0,1
308,1010,6264,1198,20170114,5489,2017-02-16,9.84,9.84,1,,6,4,39.36,4,39.36,1,1,,1,100,8,0,0,1,15,58.18,58.18,1
308,1010,6264,1203,20170114,4986,2017-02-16,9.84,0,0,,6,4,39.36,4,39.36,1,1,,1,100,8,0,0,0,0,0,0,1
308,1010,6264,1204,20170114,4787,2017-02-16,9.84,29.52,3,,6,4,39.36,4,39.36,1,1,,1,100,9,0,0,3,75,369.29,369.29,1
308,1010,6264,1206,20170114,4804,2017-02-16,9.84,0,0,,6,0,0,0,0,1,1,,1,100,11,0,0,0,0,0,0,1
308,1010,6264,1217,20170114,4934,2017-02-16,9.84,0,0,,6,0,0,0,0,1,1,,1,100,5,0,0,0,0,0,0,1
308,1010,6264,1225,20170114,5009,2017-02-16,9.84,29.52,3,,6,0,0,0,0,1,1,,1,100,4,0,0,3,85,468.67,468.67,1
308,1010,6264,1226,20170114,5302,2017-02-16,9.84,9.84,1,,6,4,39.36,4,39.36,1,1,,1,100,6,0,0,1,16,108.24,108.24,1
308,1010,6264,1231,20170114,5660,2017-02-16,9.84,39.36,4,,6,8,78.72,8,78.72,1,1,,1,100,13,0,0,4,99,434.39,434.39,1
308,1010,6264,1233,20170114,5475,2017-02-16,9.84,0,0,,6,4,39.36,4,39.36,1,1,,1,100,6,0,0,0,0,0,0,1
308,1010,6264,1241,20170114,5517,2017-02-16,9.84,0,0,,6,0,0,0,0,1,1,,1,100,7,0,0,0,0,0,0,1
308,1010,6264,1248,20170114,4985,2017-02-16,9.84,19.68,2,,6,0,0,0,0,1,1,,1,100,2,0,0,2,18,119.17,119.17,1
308,1010,6264,1249,20170114,4990,2017-02-16,9.84,0,0,,6,0,0,0,0,1,1,,0,0,0,0,0,0,0,0,0,1
308,1010,6264,1257,20170114,4689,2017-02-16,9.84,0,0,,6,0,0,0,0,1,1,,1,100,7,0,0,0,0,0,0,1
308,1010,6264,1265,20170114,4719,2017-02-16,9.84,19.68,2,,6,0,0,0,0,1,1,,1,100,5,0,0,2,15,78.26,78.26,1
308,1010,6264,1266,20170114,4922,2017-02-16,9.84,19.68,2,,6,0,0,0,0,1,1,,1,100,9,0,0,2,72,339.63,339.63,1
308,1010,6264,1268,20170114,5043,2017-02-16,9.84,9.84,1,,6,4,39.36,4,39.36,1,1,,1,100,3,0,0,1,18,166.31,166.31,1
308,1010,6264,1274,20170114,4873,2017-02-16,9.84,19.68,2,,6,0,0,0,0,1,1,,1,100,3,0,0,2,55,191.43,191.43,1
308,1010,6264,1278,20170114,4720,2017-02-16,9.84,9.84,1,,6,0,0,0,0,1,1,,1,100,5,0,0,1,18,78.51,78.51,1
308,1010,6264,1280,20170114,5503,2017-02-16,9.84,19.68,2,,6,0,0,0,0,1,1,,1,100,4,0,0,2,54,260.66,260.66,1
308,1010,6264,1283,20170114,4918,2017-02-16,9.84,0,0,,6,0,0,0,0,1,1,,1,100,3,0,0,0,0,0,0,1
308,1010,6264,1288,20170114,4879,2017-02-16,9.84,9.84,1,,6,0,0,0,0,1,1,,1,100,6,0,0,1,59,217.66,217.66,1
308,1010,6264,1290,20170114,4990,2017-02-16,9.84,0,0,,6,4,39.36,4,39.36,1,1,,1,100,6,0,0,0,0,0,0,1
308,1010,6264,1296,20170114,5138,2017-02-16,9.84,9.84,1,,6,0,0,0,0,1,1,,1,100,3,0,0,1,13,64.47,64.47,1
308,1010,6264,1302,20170114,5289,2017-02-16,9.84,19.68,2,,6,0,0,0,0,1,1,,1,100,3,0,0,2,179,756.24,756.24,1
308,1010,6264,1303,20170114,5518,2017-02-16,9.84,0,0,,6,0,0,0,0,1,1,,1,100,6,0,0,0,0,0,0,1
308,1010,6264,1322,20170114,5283,2017-02-16,9.84,9.84,1,,6,0,0,0,0,1,1,,1,100,7,0,0,1,10,51.59,51.59,1
308,1010,6264,1326,20170114,5473,2017-02-16,9.84,0,0,,6,0,0,0,0,1,1,,1,100,6,0,0,0,0,0,0,1
308,1010,6264,1330,20170114,4869,2017-02-16,9.84,0,0,,6,8,78.72,8,78.72,1,1,,1,100,8,0,0,0,0,0,0,1
308,1010,6264,1340,20170114,4649,2017-02-16,9.84,19.68,2,,6,4,39.36,4,39.36,1,1,,1,100,6,0,0,2,10,74.17,74.17,1
308,1010,6264,1341,20170114,5285,2017-02-16,9.84,9.84,1,,6,8,78.72,8,78.72,1,1,,1,100,8,0,0,1,15,82.6,82.6,1
308,1010,6264,1348,20170114,5012,2017-02-16,9.84,19.68,2,,6,4,39.36,4,39.36,1,1,,1,100,7,0,0,2,36,148.98,148.98,1
308,1010,6264,1349,20170114,5486,2017-02-16,9.84,0,0,,6,0,0,0,0,1,1,,1,100,6,0,0,0,0,0,0,1
308,1010,6264,1352,20170114,4881,2017-02-16,9.84,0,0,,6,4,39.36,4,39.36,1,1,,1,100,6,0,0,0,0,0,0,1
308,1010,6264,1357,20170114,4908,2017-02-16,9.84,19.68,2,,6,4,39.36,4,39.36,1,1,,1,100,4,0,0,2,76,312.59,312.59,1
308,1010,6264,1358,20170114,4914,2017-02-16,9.84,0,0,,6,0,0,0,0,1,1,,1,100,3,0,0,0,0,0,0,1
308,1010,6264,1363,20170114,4863,2017-02-16,9.84,9.84,1,,6,0,0,0,0,1,1,,1,100,4,0,0,1,7,86.69,86.69,1
308,1010,6264,1377,20170114,5490,2017-02-16,9.84,19.68,2,,6,4,39.36,4,39.36,1,1,,1,100,7,0,0,2,78,304.34,304.34,1
308,1010,6264,1395,20170114,4991,2017-02-16,9.84,0,0,,6,0,0,0,0,1,1,,1,100,5,0,0,0,0,0,0,1
308,1010,6264,1397,20170114,5340,2017-02-16,9.84,29.52,3,,6,0,0,0,0,1,1,,1,100,10,0,0,3,176,579.01,579.01,1
308,1010,6264,1404,20170114,4874,2017-02-16,9.84,29.52,3,,6,0,0,0,0,1,1,,1,100,6,0,0,3,56,213.65,213.65,1
308,1010,6264,1405,20170114,4993,2017-02-16,9.84,0,0,,6,0,0,0,0,1,1,,1,100,1,0,0,0,0,0,0,1
308,1010,6264,1417,20170114,5012,2017-02-16,9.84,0,0,,6,0,0,0,0,1,1,,1,100,8,0,0,0,0,0,0,1
308,1010,6264,1430,20170114,5496,2017-02-16,9.84,19.68,2,,6,4,39.36,4,39.36,1,1,,1,100,7,0,0,2,40,183.57,183.57,1
308,1010,1538331,3701,20170114,4981,2017-02-16,,0,0,,0,0,0,0,0,0,0,,0,0,0,0,0,0,0,0,0,1
308,1010,1538331,3733,20170114,5487,2017-02-16,,10.26,3,,0,0,0,0,0,0,0,,0,0,0,0,0,3,87,270.86,270.86,1
308,1010,1538331,3734,20170114,5289,2017-02-16,,3.42,1,,0,0,0,0,0,0,0,,0,0,0,0,0,1,21,104.9,104.9,1
308,1010,1538331,3738,20170114,5295,2017-02-16,,0,0,,0,0,0,0,0,0,0,,0,0,0,0,0,0,0,0,0,1
308,1010,1538331,3739,20170114,5288,2017-02-16,,6.84,2,,0,0,0,0,0,0,0,,0,0,0,0,0,2,56,254.9,254.9,1
308,1010,1538331,3742,20170114,4923,2017-02-16,,0,0,,0,0,0,0,0,0,0,,0,0,0,0,0,0,0,0,0,1
308,1010,1538331,3748,20170114,5295,2017-02-16,,0,0,,0,0,0,0,0,0,0,,0,0,0,0,0,0,0,0,0,1
308,1010,1538331,3751,20170114,5009,2017-02-16,,6.84,2,,0,0,0,0,0,0,0,,0,0,0,0,0,2,35,126.71,126.71,1
308,1010,1538331,3761,20170114,4998,2017-02-16,,3.42,1,,0,0,0,0,0,0,0,,0,0,0,0,0,1,36,185.2,185.2,1
308,1010,1538331,3773,20170114,5301,2017-02-16,,6.84,2,,0,0,0,0,0,0,0,,0,0,0,0,0,2,15,59.85,59.85,1
308,1010,1538331,3784,20170114,5471,2017-02-16,,0,0,,0,0,0,0,0,0,0,,0,0,0,0,0,0,0,0,0,1
308,1010,1538331,3795,20170114,5420,2017-02-16,,0,0,,0,0,0,0,0,0,0,,0,0,0,0,0,0,0,0,0,1
308,1010,1538331,3802,20170114,5012,2017-02-16,,3.42,1,,0,0,0,0,0,0,0,,0,0,0,0,0,1,39,110.35,110.35,1
308,1010,1538331,3803,20170114,4983,2017-02-16,,0,0,,0,0,0,0,0,0,0,,0,0,0,0,0,0,0,0,0,1
308,1010,1538331,3835,20170114,5291,2017-02-16,,10.26,3,,0,0,0,0,0,0,0,,0,0,0,0,0,3,75,273.22,273.22,1
308,1010,1538331,3847,20170114,5005,2017-02-16,,3.42,1,,0,0,0,0,0,0,0,,0,0,0,0,0,1,37,101,101,1
308,1010,1538331,3853,20170114,5285,2017-02-16,,0,0,,0,0,0,0,0,0,0,,0,0,0,0,0,0,0,0,0,1
308,1010,1538331,3872,20170114,4992,2017-02-16,,0,0,,0,0,0,0,0,0,0,,0,0,0,0,0,0,0,0,0,1
308,1010,1538331,3893,20170114,4790,2017-02-16,,6.84,2,,0,0,0,0,0,0,0,,0,0,0,0,0,2,223,638.66,638.66,1
308,1010,1538331,3897,20170114,5499,2017-02-16,,3.42,1,,0,0,0,0,0,0,0,,0,0,0,0,0,1,38,83.01,83.01,1
308,1010,1538331,4063,20170114,5566,2017-02-16,,0,0,,0,0,0,0,0,0,0,,0,0,0,0,0,0,0,0,0,1
308,1010,1538331,4201,20170114,5569,2017-02-16,,6.84,2,,0,0,0,0,0,0,0,,0,0,0,0,0,2,40,166.42,166.42,1
308,1010,1538331,4218,20170114,1,2017-02-16,,0,0,,0,0,0,0,0,0,0,,0,0,0,0,0,0,0,0,0,1
308,1010,1538331,4226,20170114,4854,2017-02-16,,0,0,,0,0,0,0,0,0,0,,0,0,0,0,0,0,0,0,0,1
308,1010,1538331,4230,20170114,4992,2017-02-16,,0,0,,0,0,0,0,0,0,0,,0,0,0,0,0,0,0,0,0,1
308,1010,1538331,4231,20170114,4790,2017-02-16,,6.84,2,,0,0,0,0,0,0,0,,0,0,0,0,0,2,67,208.58,208.58,1
308,1010,1538331,4232,20170114,5295,2017-02-16,,0,0,,0,0,0,0,0,0,0,,0,0,0,0,0,0,0,0,0,1
308,1010,1538331,4235,20170114,5286,2017-02-16,,3.42,1,,0,0,0,0,0,0,0,,0,0,0,0,0,1,20,92.17,92.17,1
308,1010,1538331,4250,20170114,5495,2017-02-16,,0,0,,0,0,0,0,0,0,0,,0,0,0,0,0,0,0,0,0,1
308,1010,1538331,4256,20170114,5007,2017-02-16,,0,0,,0,0,0,0,0,0,0,,0,0,0,0,0,0,0,0,0,1
308,1010,1538331,4257,20170114,4991,2017-02-16,,6.84,2,,0,0,0,0,0,0,0,,0,0,0,0,0,2,74,253.4,253.4,1
308,1010,1538331,4259,20170114,4877,2017-02-16,,3.42,1,,0,0,0,0,0,0,0,,0,0,0,0,0,1,5,16.77,16.77,1
308,1010,1538331,4273,20170114,5006,2017-02-16,,6.84,2,,0,0,0,0,0,0,0,,0,0,0,0,0,2,68,285.09,285.09,1
308,1010,1538331,4277,20170114,5285,2017-02-16,,3.42,1,,0,0,0,0,0,0,0,,0,0,0,0,0,1,46,168.55,168.55,1
308,1010,1538331,4283,20170114,4857,2017-02-16,,0,0,,0,0,0,0,0,0,0,,0,0,0,0,0,0,0,0,0,1
308,1010,1538331,4284,20170114,5428,2017-02-16,,0,0,,0,0,0,0,0,0,0,,0,0,0,0,0,0,0,0,0,1
308,1010,1538331,4350,20170114,4853,2017-02-16,,3.42,1,,0,0,0,0,0,0,0,,0,0,0,0,0,1,5,23.88,23.88,1
308,1010,1538331,4358,20170114,5247,2017-02-16,,10.26,3,,0,0,0,-1,-3.42,0,0,,0,0,0,0,0,3,40,193.81,193.81,1
308,1010,1538331,4366,20170114,3360,2017-02-16,,0,0,,0,0,0,0,0,0,0,,0,0,0,0,0,0,0,0,0,1
308,1010,1538331,4377,20170114,5012,2017-02-16,,0,0,,0,0,0,0,0,0,0,,0,0,0,0,0,0,0,0,0,1
308,1010,1538331,4383,20170114,5137,2017-02-16,,3.42,1,,0,0,0,0,0,0,0,,0,0,0,0,0,1,6,55.71,55.71,1
308,1010,1538331,4384,20170114,4918,2017-02-16,,0,0,,0,0,0,0,0,0,0,,0,0,0,0,0,0,0,0,0,1
308,1010,1538331,4389,20170114,5295,2017-02-16,,6.84,2,,0,0,0,0,0,0,0,,0,0,0,0,0,2,78,339.81,339.81,1
308,1010,1538331,4395,20170114,4853,2017-02-16,,3.42,1,,0,0,0,0,0,0,0,,0,0,0,0,0,1,18,80.04,80.04,1
308,1010,1538331,4399,20170114,4992,2017-02-16,,6.84,2,,0,0,0,0,0,0,0,,0,0,0,0,0,2,59,217.1,217.1,1
308,1010,1538331,4405,20170114,5463,2017-02-16,,3.42,1,,0,0,0,0,0,0,0,,0,0,0,0,0,1,10,18.48,18.48,1
308,1010,1538331,4420,20170114,4923,2017-02-16,,3.42,1,,0,0,0,0,0,0,0,,0,0,0,0,0,1,8,35.25,35.25,1
308,1010,1538331,4427,20170114,5119,2017-02-16,,0,0,,0,0,0,0,0,0,0,,0,0,0,0,0,0,0,0,0,1
308,1010,1538331,4451,20170114,4996,2017-02-16,,0,0,,0,0,0,0,0,0,0,,0,0,0,0,0,0,0,0,0,1
308,1010,1538331,4459,20170114,4868,2017-02-16,,6.84,2,,0,0,0,0,0,0,0,,0,0,0,0,0,2,118,362.15,362.15,1
308,1010,1538331,4461,20170114,4879,2017-02-16,,0,0,,0,0,0,0,0,0,0,,0,0,0,0,0,0,0,0,0,1
308,1010,1538331,4487,20170114,4991,2017-02-16,,6.84,2,,0,0,0,0,0,0,0,,0,0,0,0,0,2,32,57.53,57.53,1
308,1010,1538331,4497,20170114,4827,2017-02-16,,0,0,,0,0,0,0,0,0,0,,0,0,0,0,0,0,0,0,0,1
308,1010,1538331,4506,20170114,4682,2017-02-16,,6.84,2,,0,0,0,0,0,0,0,,0,0,0,0,0,2,104,442.39,442.39,1
308,1010,1538331,4511,20170114,5288,2017-02-16,,0,0,,0,0,0,0,0,0,0,,0,0,0,0,0,0,0,0,0,1
308,1010,1538331,4531,20170114,5136,2017-02-16,,0,0,,0,0,0,0,0,0,0,,0,0,0,0,0,0,0,0,0,1
308,1010,1538331,4558,20170114,5501,2017-02-16,,3.42,1,,0,0,0,0,0,0,0,,0,0,0,0,0,1,13,64.92,64.92,1
308,1010,1538331,4581,20170114,5012,2017-02-16,,0,0,,0,0,0,0,0,0,0,,0,0,0,0,0,0,0,0,0,1
308,1010,1538331,4594,20170114,4992,2017-02-16,,0,0,,0,0,0,0,0,0,0,,0,0,0,0,0,0,0,0,0,1
308,1010,1538331,4612,20170114,4907,2017-02-16,,0,0,,0,0,0,0,0,0,0,,0,0,0,0,0,0,0,0,0,1
308,1010,1538331,4615,20170114,5494,2017-02-16,,0,0,,0,0,0,0,0,0,0,,0,0,0,0,0,0,0,0,0,1
308,1010,1538331,4616,20170114,5010,2017-02-16,,0,0,,0,0,0,0,0,0,0,,0,0,0,0,0,0,0,0,0,1
308,1010,1538331,4631,20170114,4859,2017-02-16,,10.26,3,,0,0,0,0,0,0,0,,0,0,0,0,0,3,76,226.86,226.86,1
308,1010,1538331,4664,20170114,5010,2017-02-16,,10.26,3,,0,0,0,0,0,0,0,,0,0,0,0,0,3,83,240.94,240.94,1
308,1010,1538331,4682,20170114,5010,2017-02-16,,0,0,,0,0,0,0,0,0,0,,0,0,0,0,0,0,0,0,0,1
308,1010,1538331,4696,20170114,4828,2017-02-16,,3.42,1,,0,0,0,0,0,0,0,,0,0,0,0,0,1,46,163.3,163.3,1
308,1010,1538331,4697,20170114,4922,2017-02-16,,6.84,2,,0,0,0,0,0,0,0,,0,0,0,0,0,2,21,60.23,60.23,1
308,1010,1538331,5022,20170114,4974,2017-02-16,,3.42,1,,0,0,0,0,0,0,0,,0,0,0,0,0,1,19,69.3,69.3,1
308,1010,1538331,5035,20170114,5012,2017-02-16,,3.42,1,,0,0,0,0,0,0,0,,0,0,0,0,0,1,8,92.48,92.48,1
308,1010,1538331,5038,20170114,5007,2017-02-16,,10.26,3,,0,0,0,0,0,0,0,,0,0,0,0,0,3,138,363.37,363.37,1
308,1010,1538331,5039,20170114,4829,2017-02-16,,0,0,,0,0,0,0,0,0,0,,0,0,0,0,0,0,0,0,0,1
308,1010,1538331,5054,20170114,5006,2017-02-16,,6.84,2,,0,0,0,0,0,0,0,,0,0,0,0,0,2,29,95.1,95.1,1
308,1010,1538331,5056,20170114,4918,2017-02-16,,0,0,,0,0,0,0,0,0,0,,0,0,0,0,0,0,0,0,0,1
308,1010,1538331,5069,20170114,4921,2017-02-16,,0,0,,0,0,0,0,0,0,0,,0,0,0,0,0,0,0,0,0,1
308,1010,1538331,5080,20170114,5505,2017-02-16,,6.84,2,,0,0,0,0,0,0,0,,0,0,0,0,0,2,45,168.14,168.14,1
308,1010,1538331,5085,20170114,5286,2017-02-16,,0,0,,0,0,0,0,0,0,0,,0,0,0,0,0,0,0,0,0,1
308,1010,1538331,5087,20170114,5488,2017-02-16,,0,0,,0,0,0,0,0,0,0,,0,0,0,0,0,0,0,0,0,1
308,1010,1538331,5088,20170114,5301,2017-02-16,,3.42,1,,0,0,0,0,0,0,0,,0,0,0,0,0,1,44,167.94,167.94,1
308,1010,1538331,5090,20170114,5303,2017-02-16,,6.84,2,,0,0,0,0,0,0,0,,0,0,0,0,0,2,80,249.74,249.74,1
308,1010,1538331,5096,20170114,5302,2017-02-16,,3.42,1,,0,0,0,0,0,0,0,,0,0,0,0,0,1,17,22.3,22.3,1
308,1010,1538331,5107,20170114,4728,2017-02-16,,3.42,1,,0,0,0,0,0,0,0,,0,0,0,0,0,1,10,20.26,20.26,1
308,1010,1538331,5108,20170114,1,2017-02-16,,0,0,,0,0,0,0,0,0,0,,0,0,0,0,0,0,0,0,0,1
308,1010,1538331,5113,20170114,5123,2017-02-16,,6.84,2,,0,0,0,0,0,0,0,,0,0,0,0,0,2,105,346.23,346.23,1
308,1010,1538331,5115,20170114,4998,2017-02-16,,6.84,2,,0,0,0,0,0,0,0,,0,0,0,0,0,2,32,104.89,104.89,1
308,1010,1538331,5116,20170114,5307,2017-02-16,,0,0,,0,0,0,0,0,0,0,,0,0,0,0,0,0,0,0,0,1
308,1010,1538331,5119,20170114,3675,2017-02-16,,0,0,,0,0,0,0,0,0,0,,0,0,0,0,0,0,0,0,0,1
308,1010,1538331,5123,20170114,5012,2017-02-16,,0,0,,0,0,0,0,0,0,0,,0,0,0,0,0,0,0,0,0,1
308,1010,1538331,5129,20170114,4713,2017-02-16,,3.42,1,,0,0,0,0,0,0,0,,0,0,0,0,0,1,24,148.46,148.46,1
308,1010,1538331,5133,20170114,5002,2017-02-16,,10.26,3,,0,0,0,0,0,0,0,,0,0,0,0,0,3,140,366.72,366.72,1
308,1010,1538331,5136,20170114,5270,2017-02-16,,13.68,4,,0,0,0,0,0,0,0,,0,0,0,0,0,4,144,513.57,513.57,1
308,1010,1538331,5156,20170114,5442,2017-02-16,,0,0,,0,0,0,0,0,0,0,,0,0,0,0,0,0,0,0,0,1
308,1010,1538331,5165,20170114,5282,2017-02-16,,16.26,5,,0,0,0,0,0,0,0,,0,0,0,2,0.84,9,98,277.1,277.1,1
308,1010,1538331,5175,20170114,5285,2017-02-16,,0,0,,0,0,0,0,0,0,0,,0,0,0,0,0,0,0,0,0,1
308,1010,1538331,5177,20170114,5124,2017-02-16,,0,0,,0,0,0,0,0,0,0,,0,0,0,0,0,0,0,0,0,1
308,1010,1538331,5178,20170114,5275,2017-02-16,,0,0,,0,0,0,0,0,0,0,,0,0,0,0,0,0,0,0,0,1
308,1010,1538331,5184,20170114,5012,2017-02-16,,6.84,2,,0,0,0,0,0,0,0,,0,0,0,0,0,2,29,154.26,154.26,1
308,1010,1538331,5195,20170114,4987,2017-02-16,,3.42,1,,0,0,0,0,0,0,0,,0,0,0,0,0,1,32,192.49,192.49,1
308,1010,1538331,5203,20170114,4992,2017-02-16,,10.26,3,,0,0,0,0,0,0,0,,0,0,0,0,0,3,45,152.59,152.59,1
308,1010,1538331,5227,20170114,4868,2017-02-16,,0,0,,0,0,0,0,0,0,0,,0,0,0,0,0,0,0,0,0,1
308,1010,1538331,5241,20170114,5251,2017-02-16,,0,0,,0,0,0,0,0,0,0,,0,0,0,0,0,0,0,0,0,1
308,1010,1538331,5263,20170114,5252,2017-02-16,,0,0,,0,0,0,0,0,0,0,,0,0,0,0,0,0,0,0,0,1
308,1010,1538331,5264,20170114,5127,2017-02-16,,0,0,,0,0,0,0,0,0,0,,0,0,0,0,0,0,0,0,0,1
308,1010,1538331,5270,20170114,5479,2017-02-16,,0,0,,0,0,0,0,0,0,0,,0,0,0,0,0,0,0,0,0,1
308,1010,1538331,5273,20170114,5253,2017-02-16,,3.42,1,,0,0,0,0,0,0,0,,0,0,0,0,0,1,13,16.42,16.42,1
308,1010,1538331,5286,20170114,3522,2017-02-16,,0,0,,0,0,0,0,0,0,0,,0,0,0,0,0,0,0,0,0,1
308,1010,1538331,5292,20170114,5144,2017-02-16,,0,0,,0,0,0,0,0,0,0,,0,0,0,0,0,0,0,0,0,1
308,1010,1538331,5299,20170114,5447,2017-02-16,,10.26,3,,0,0,0,0,0,0,0,,0,0,0,0,0,3,79,311.99,311.99,1
308,1010,1538331,5304,20170114,3876,2017-02-16,,0,0,,0,0,0,0,0,0,0,,0,0,0,0,0,0,0,0,0,1
308,1010,1538331,5312,20170114,5256,2017-02-16,,17.1,5,,0,0,0,0,0,0,0,,0,0,0,0,0,5,116,447.88,447.88,1
308,1010,1538331,5342,20170114,5654,2017-02-16,,10.26,3,,0,0,0,0,0,0,0,,0,0,0,0,0,3,17,69.6,69.6,1
308,1010,1538331,5345,20170114,4853,2017-02-16,,0,0,,0,0,0,0,0,0,0,,0,0,0,0,0,0,0,0,0,1
308,1010,1538331,5348,20170114,4855,2017-02-16,,0,0,,0,0,0,0,0,0,0,,0,0,0,0,0,0,0,0,0,1
308,1010,1538331,5349,20170114,3876,2017-02-16,,0,0,,0,0,0,0,0,0,0,,0,0,0,0,0,0,0,0,0,1
308,1010,1538331,5359,20170114,5488,2017-02-16,,0,0,,0,0,0,0,0,0,0,,0,0,0,0,0,0,0,0,0,1
308,1010,1538331,5360,20170114,4998,2017-02-16,,3.42,1,,0,0,0,0,0,0,0,,0,0,0,0,0,1,25,126.13,126.13,1
308,1010,1538331,5370,20170114,5482,2017-02-16,,0,0,,0,0,0,0,0,0,0,,0,0,0,0,0,0,0,0,0,1
308,1010,1538331,5373,20170114,5471,2017-02-16,,0,0,,0,0,0,0,0,0,0,,0,0,0,0,0,0,0,0,0,1
308,1010,1538331,5381,20170114,4916,2017-02-16,,6.84,2,,0,0,0,0,0,0,0,,0,0,0,0,0,2,27,165.09,165.09,1
308,1010,1538331,5385,20170114,5283,2017-02-16,,3.42,1,,0,0,0,0,0,0,0,,0,0,0,0,0,1,83,469.86,469.86,1
308,1010,1538331,5420,20170114,5449,2017-02-16,,17.1,5,,0,0,0,0,0,0,0,,0,0,0,0,0,5,107,373.92,373.92,1
308,1010,1538331,5430,20170114,5577,2017-02-16,,6.84,2,,0,0,0,0,0,0,0,,0,0,0,0,0,2,66,343.4,343.4,1
308,1010,1538331,5435,20170114,4903,2017-02-16,,0,0,,0,0,0,0,0,0,0,,0,0,0,0,0,0,0,0,0,1
308,1010,1538331,5447,20170114,5451,2017-02-16,,10.26,3,,0,0,0,0,0,0,0,,0,0,0,0,0,3,28,91.2,91.2,1
308,1010,1538331,5469,20170114,5288,2017-02-16,,0,0,,0,0,0,0,0,0,0,,0,0,0,0,0,0,0,0,0,1
308,1010,1538331,5471,20170114,5283,2017-02-16,,3.42,1,,0,0,0,0,0,0,0,,0,0,0,0,0,1,54,132.6,132.6,1
308,1010,1538331,5477,20170114,5480,2017-02-16,,6.84,2,,0,0,0,0,0,0,0,,0,0,0,0,0,2,23,85.8,85.8,1
308,1010,1538331,5480,20170114,5007,2017-02-16,,0,0,,0,0,0,0,0,0,0,,0,0,0,0,0,0,0,0,0,1
308,1010,1538331,5605,20170114,4473,2017-02-16,,0,0,,0,0,0,0,0,0,0,,0,0,0,0,0,0,0,0,0,1
308,1010,1538331,5612,20170114,5453,2017-02-16,,0,0,,0,0,0,0,0,0,0,,0,0,0,0,0,0,0,0,0,1
308,1010,1538331,5647,20170114,4492,2017-02-16,,10.26,3,,0,0,0,0,0,0,0,,0,0,0,0,0,3,28,128.43,128.43,1
308,1010,1538331,5664,20170114,4784,2017-02-16,,3.42,1,,0,0,0,0,0,0,0,,0,0,0,0,0,1,7,22.27,22.27,1
308,1010,1538331,5675,20170114,4685,2017-02-16,,0,0,,0,0,0,0,0,0,0,,0,0,0,0,0,0,0,0,0,1
308,1010,1538331,5709,20170114,4998,2017-02-16,,6.84,2,,0,0,0,0,0,0,0,,0,0,0,0,0,2,23,78.1,78.1,1
308,1010,1538331,5735,20170114,4868,2017-02-16,,0,0,,0,0,0,0,0,0,0,,0,0,0,0,0,0,0,0,0,1
308,1010,1538331,5768,20170114,4924,2017-02-16,,17.1,5,,0,0,0,0,0,0,0,,0,0,0,0,0,5,32,116.49,116.49,1
308,1010,1538331,5779,20170114,5483,2017-02-16,,0,0,,0,0,0,0,0,0,0,,0,0,0,0,0,0,0,0,0,1
308,1010,1538331,5823,20170114,5632,2017-02-16,,3.42,1,,0,0,0,0,0,0,0,,0,0,0,0,0,1,8,36.83,36.83,1
308,1010,1538331,5846,20170114,3568,2017-02-16,,0,0,,0,0,0,0,0,0,0,,0,0,0,0,0,0,0,0,0,1
308,1010,1538331,5848,20170114,5463,2017-02-16,,10.26,3,,0,0,0,0,0,0,0,,0,0,0,0,0,3,28,101.71,101.71,1
308,1010,1538331,5867,20170114,4739,2017-02-16,,0,0,,0,0,0,0,0,0,0,,0,0,0,0,0,0,0,0,0,1
308,1010,1538331,5884,20170114,4861,2017-02-16,,3.42,1,,0,0,0,0,0,0,0,,0,0,0,0,0,1,2,6.84,6.84,1
308,1010,1538331,5911,20170114,4737,2017-02-16,,0,0,,0,0,0,0,0,0,0,,0,0,0,0,0,0,0,0,0,1
308,1010,1538331,5981,20170114,4175,2017-02-16,,0,0,,0,0,0,0,0,0,0,,0,0,0,0,0,0,0,0,0,1
308,1010,1538331,5990,20170114,3579,2017-02-16,,3.42,1,,0,0,0,0,0,0,0,,0,0,0,0,0,1,7,26.02,26.02,1
308,1010,1538331,5992,20170114,5295,2017-02-16,,0,0,,0,0,0,0,0,0,0,,0,0,0,0,0,0,0,0,0,1
308,1010,1538331,528722,20170114,4517,2017-02-16,,0,0,,0,0,0,0,0,0,0,,0,0,0,0,0,0,0,0,0,1
308,1010,1538331,530151,20170114,5485,2017-02-16,,3.42,1,,0,0,0,0,0,0,0,,0,0,0,0,0,1,43,110.49,110.49,1
308,1010,1538331,530154,20170114,5280,2017-02-16,,0,0,,0,0,0,0,0,0,0,,0,0,0,0,0,0,0,0,0,1
308,1010,1538331,530934,20170114,5475,2017-02-16,,3.42,1,,0,0,0,0,0,0,0,,0,0,0,0,0,1,3,25.27,25.27,1
308,1010,1538331,531990,20170114,3579,2017-02-16,,0,0,,0,0,0,0,0,0,0,,0,0,0,0,0,0,0,0,0,1
308,1010,1538331,534710,20170114,4898,2017-02-16,,6.84,2,,0,0,0,0,0,0,0,,0,0,0,0,0,2,11,50.35,50.35,1
308,1010,1538331,534718,20170114,5278,2017-02-16,,0,0,,0,0,0,0,0,0,0,,0,0,0,0,0,0,0,0,0,1
308,1010,1538331,534719,20170114,4881,2017-02-16,,3.42,1,,0,0,0,0,0,0,0,,0,0,0,0,0,7,128,248.39,248.39,1
308,1010,1538331,534720,20170114,5293,2017-02-16,,3.42,1,,0,0,0,0,0,0,0,,0,0,0,0,0,1,9,54.72,54.72,1
308,1010,1538331,540653,20170114,3521,2017-02-16,,3.42,1,,0,0,0,0,0,0,0,,0,0,0,0,0,1,21,55,55,1
308,1010,1538331,540899,20170114,3831,2017-02-16,,0,0,,0,0,0,0,0,0,0,,0,0,0,0,0,0,0,0,0,1
308,1010,1538331,541036,20170114,5487,2017-02-16,,0,0,,0,0,0,0,0,0,0,,0,0,0,0,0,0,0,0,0,1
308,1010,1538331,541037,20170114,5489,2017-02-16,,0,0,,0,0,0,0,0,0,0,,0,0,0,0,0,0,0,0,0,1
308,1010,1538331,541271,20170114,4494,2017-02-16,,0,0,,0,0,0,0,0,0,0,,0,0,0,0,0,0,0,0,0,1
308,1010,1538331,541651,20170114,4531,2017-02-16,,0,0,,0,0,0,0,0,0,0,,0,0,0,0,0,0,0,0,0,1
308,1010,1538331,541827,20170114,4542,2017-02-16,,0,0,,0,0,0,0,0,0,0,,0,0,0,0,0,0,0,0,0,1
308,1010,1538331,542271,20170114,5436,2017-02-16,,13.68,4,,0,0,0,0,0,0,0,,0,0,0,0,0,4,209,618.1,618.1,1
308,1010,1538331,542275,20170114,3579,2017-02-16,,0,0,,0,0,0,0,0,0,0,,0,0,0,0,0,0,0,0,0,1
308,1010,1538331,542277,20170114,3521,2017-02-16,,0,0,,0,0,0,0,0,0,0,,0,0,0,0,0,0,0,0,0,1
308,1010,1538331,547254,20170114,5012,2017-02-16,,0,0,,0,0,0,0,0,0,0,,0,0,0,0,0,0,0,0,0,1
308,1010,1538331,547255,20170114,4909,2017-02-16,,6.84,2,,0,0,0,0,0,0,0,,0,0,0,0,0,2,114,636.84,636.84,1
308,1010,1538331,547256,20170114,4496,2017-02-16,,3.42,1,,0,0,0,0,0,0,0,,0,0,0,0,0,1,28,130.16,130.16,1
308,1010,1538331,547261,20170114,3579,2017-02-16,,3.42,1,,0,0,0,0,0,0,0,,0,0,0,0,0,1,3,8.81,8.81,1
308,1010,1538331,563818,20170114,3521,2017-02-16,,0,0,,0,0,0,0,0,0,0,,0,0,0,0,0,0,0,0,0,1
308,1010,1538331,563995,20170114,5138,2017-02-16,,0,0,,0,0,0,0,0,0,0,,0,0,0,0,0,0,0,0,0,1
308,1010,1538331,564128,20170114,3931,2017-02-16,,0,0,,0,0,0,0,0,0,0,,0,0,0,0,0,0,0,0,0,1
308,1010,1538331,564202,20170114,3410,2017-02-16,,0,0,,0,0,0,0,0,0,0,,0,0,0,0,0,0,0,0,0,1
308,1010,1538331,564371,20170114,5302,2017-02-16,,6.84,2,,0,0,0,0,0,0,0,,0,0,0,0,0,2,24,86.73,86.73,1
308,1010,1538331,564373,20170114,5475,2017-02-16,,3.42,1,,0,0,0,0,0,0,0,,0,0,0,0,0,1,12,43.67,43.67,1
308,1010,1538331,564377,20170114,4690,2017-02-16,,0,0,,0,0,0,0,0,0,0,,0,0,0,0,0,0,0,0,0,1
308,1010,1538331,564378,20170114,4839,2017-02-16,,13.68,4,,0,0,0,0,0,0,0,,0,0,0,0,0,4,117,572.39,572.39,1
308,1010,1538331,565266,20170114,4637,2017-02-16,,0,0,,0,0,0,0,0,0,0,,0,0,0,0,0,0,0,0,0,1
308,1010,1538331,565486,20170114,3521,2017-02-16,,0,0,,0,0,0,0,0,0,0,,0,0,0,0,0,0,0,0,0,1
308,1010,1538331,1001106,20170114,4771,2017-02-16,,0,0,,0,0,0,0,0,0,0,,0,0,0,0,0,0,0,0,0,1
308,1010,1538331,1001199,20170114,4685,2017-02-16,,0,0,,0,0,0,0,0,0,0,,0,0,0,0,0,0,0,0,0,1
308,1010,1538331,1001280,20170114,4964,2017-02-16,,3.42,1,,0,0,0,0,0,0,0,,0,0,0,0,0,1,56,150.34,150.34,1
308,1010,1538331,1001287,20170114,3517,2017-02-16,,3.42,1,,0,0,0,0,0,0,0,,0,0,0,0,0,1,8,29.12,29.12,1
308,1010,1538331,1001310,20170114,4512,2017-02-16,,3.42,1,,0,0,0,0,0,0,0,,0,0,0,0,0,1,17,45.1,45.1,1
308,1010,1538331,1001311,20170114,4729,2017-02-16,,0,0,,0,0,0,0,0,0,0,,0,0,0,0,0,0,0,0,0,1
308,1010,1538331,1001328,20170114,3599,2017-02-16,,0,0,,0,0,0,0,0,0,0,,0,0,0,0,0,0,0,0,0,1
308,1010,1538331,1002643,20170114,4869,2017-02-16,,3.42,1,,0,0,0,0,0,0,0,,0,0,0,0,0,1,4,7.32,7.32,1
308,1010,1538331,1002644,20170114,4836,2017-02-16,,6.84,2,,0,0,0,0,0,0,0,,0,0,0,0,0,2,27,119.47,119.47,1
308,1010,1538331,1002676,20170114,3586,2017-02-16,,10.26,3,,0,0,0,0,0,0,0,,0,0,0,0,0,3,14,52.46,52.46,1
308,1010,1538331,1002696,20170114,5291,2017-02-16,,0,0,,0,0,0,0,0,0,0,,0,0,0,0,0,0,0,0,0,1
308,1010,1538331,1002697,20170114,5007,2017-02-16,,0,0,,0,0,0,0,0,0,0,,0,0,0,0,0,0,0,0,0,1
308,1010,1538331,1002698,20170114,5432,2017-02-16,,13.68,4,,0,0,0,0,0,0,0,,0,0,0,0,0,4,95,370.53,370.53,1
